"","x"
"1","NC"
"2","VA"
"3","PA"
"4","NC"
"5","VA"
"6","NC"
"7","VA"
"8","VA"
"9","NC"
"10","VA"
"11","NC"
"12","VA"
"13","VA"
"14","NC"
"15","NC"
"16","NC"
"17","VA"
"18","SC"
"19","VA"
"20","VA"
"21","PA"
"22","VA"
"23","PA"
"24","VA"
"25","PA"
"26","NC"
"27","NC"
"28","VA"
"29","VA"
"30","VA"
"31","NC"
"32","NC"
"33","PA"
"34","VA"
"35","NC"
"36","VA"
"37","VA"
"38","VA"
"39","VA"
"40","VA"
"41","VA"
"42","VA"
"43","VA"
"44","PA"
"45","VA"
"46","PA"
"47","VA"
"48","PA"
"49","VA"
"50","PA"
"51","NC"
"52","VA"
"53","VA"
"54","VA"
"55","MD"
"56","NC"
"57","NC"
"58","PA"
"59","NC"
"60","PA"
"61","SC"
"62","SC"
"63","VA"
"64","VA"
"65","MD"
"66","MD"
"67","PA"
"68","PA"
"69","PA"
"70","NC"
"71","NC"
"72","SC"
"73","VA"
"74","VA"
"75","VA"
"76","MD"
"77","PA"
"78","NC"
"79","NC"
"80","NC"
"81","SC"
"82","VA"
"83","VA"
"84","SC"
"85","MD"
"86","SC"
"87","SC"
"88","VA"
"89","VA"
"90","VA"
"91","PA"
"92","NC"
"93","PA"
"94","PA"
"95","VA"
"96","SC"
"97","NC"
"98","VA"
"99","VA"
"100","PA"
"101","SC"
"102","VA"
"103","SC"
"104","SC"
"105","NC"
"106","SC"
"107","MD"
"108","PA"
"109","NC"
"110","NC"
"111","VA"
"112","VA"
"113","VA"
"114","NC"
"115","MD"
"116","VA"
"117","VA"
"118","VA"
"119","VA"
"120","NC"
"121","NC"
"122","NC"
"123","NC"
"124","NC"
"125","VA"
"126","VA"
"127","VA"
"128","SC"
"129","SC"
"130","VA"
"131","VA"
"132","VA"
"133","PA"
"134","VA"
"135","SC"
"136","SC"
"137","NC"
"138","NC"
"139","PA"
"140","SC"
"141","NC"
"142","NC"
"143","NC"
"144","SC"
"145","NC"
"146","NC"
"147","SC"
"148","SC"
"149","NC"
"150","MD"
"151","MD"
"152","VA"
"153","NC"
"154","NC"
"155","NC"
"156","PA"
"157","VA"
"158","VA"
"159","MD"
"160","NC"
"161","NC"
"162","VA"
"163","NC"
"164","MD"
"165","VA"
"166","VA"
"167","VA"
"168","VA"
"169","VA"
"170","MD"
"171","NC"
"172","NC"
"173","PA"
"174","PA"
"175","VA"
"176","NC"
"177","SC"
"178","VA"
"179","VA"
"180","VA"
"181","NC"
"182","PA"
"183","SC"
"184","NC"
"185","VA"
"186","PA"
"187","VA"
"188","PA"
"189","PA"
"190","NC"
"191","NC"
"192","NC"
"193","PA"
"194","VA"
"195","PA"
"196","VA"
"197","VA"
"198","NC"
"199","VA"
"200","SC"
"201","SC"
"202","VA"
"203","NC"
"204","VA"
"205","VA"
"206","NC"
"207","SC"
"208","NC"
"209","PA"
"210","VA"
"211","SC"
"212","PA"
"213","PA"
"214","VA"
"215","PA"
"216","VA"
"217","VA"
"218","PA"
"219","NC"
"220","VA"
"221","NC"
"222","MD"
"223","MD"
"224","NC"
"225","SC"
"226","VA"
"227","MD"
"228","VA"
"229","VA"
"230","NC"
"231","NC"
"232","NC"
"233","NC"
"234","PA"
"235","SC"
"236","PA"
"237","PA"
"238","VA"
"239","SC"
"240","SC"
"241","SC"
"242","SC"
"243","VA"
"244","VA"
"245","PA"
"246","VA"
"247","PA"
"248","PA"
"249","NC"
"250","VA"
"251","PA"
"252","VA"
"253","VA"
"254","VA"
"255","NC"
"256","NC"
"257","PA"
"258","NC"
"259","NC"
"260","MD"
"261","SC"
"262","VA"
"263","VA"
"264","NC"
"265","PA"
"266","NC"
"267","NC"
"268","VA"
"269","SC"
"270","VA"
"271","PA"
"272","SC"
"273","VA"
"274","NC"
"275","PA"
"276","MD"
"277","NC"
"278","VA"
"279","MD"
"280","VA"
"281","NC"
"282","NC"
"283","VA"
"284","VA"
"285","VA"
"286","SC"
"287","VA"
"288","PA"
"289","MD"
"290","MD"
"291","NC"
"292","VA"
"293","VA"
"294","VA"
"295","SC"
"296","VA"
"297","PA"
"298","PA"
"299","PA"
"300","VA"
"301","VA"
"302","NC"
"303","NC"
"304","NC"
"305","VA"
"306","NC"
"307","SC"
"308","NC"
"309","NC"
"310","VA"
"311","NC"
"312","PA"
"313","MD"
"314","VA"
"315","PA"
"316","PA"
"317","VA"
"318","NC"
"319","PA"
"320","NC"
"321","SC"
"322","NC"
"323","NC"
"324","NC"
"325","SC"
"326","NC"
"327","VA"
"328","VA"
"329","PA"
"330","SC"
"331","PA"
"332","PA"
"333","SC"
"334","PA"
"335","SC"
"336","VA"
"337","VA"
"338","VA"
"339","NC"
"340","MD"
"341","PA"
"342","VA"
"343","VA"
"344","VA"
"345","MD"
"346","VA"
"347","NC"
"348","MD"
"349","PA"
"350","PA"
"351","PA"
"352","VA"
"353","VA"
"354","VA"
"355","PA"
"356","NC"
"357","SC"
"358","VA"
"359","PA"
"360","PA"
"361","NC"
"362","NC"
"363","VA"
"364","NC"
"365","VA"
"366","VA"
"367","NC"
"368","SC"
"369","NC"
"370","PA"
